nucleotide	aminoAcid	count (templates/reads)	frequencyCount (%)	cdr3Length	vMaxResolved	vFamilyName	vGeneName	vGeneAllele	vFamilyTies	vGeneNameTies	vGeneAlleleTies	dMaxResolved	dFamilyName	dGeneName	dGeneAllele	dFamilyTies	dGeneNameTies	dGeneAlleleTies	jMaxResolved	jFamilyName	jGeneName	jGeneAllele	jFamilyTies	jGeneNameTies	jGeneAlleleTies	vDeletion	n1Insertion	d5Deletion	d3Deletion	n2Insertion	jDeletion	vIndex	n1Index	dIndex	n2Index	jIndex	estimatedNumberGenomes	sequenceStatus	cloneResolved	vOrphon	dOrphon	jOrphon	vFunction	dFunction	jFunction	fractionNucleated	vAlignLength	vAlignSubstitutionCount	vAlignSubstitutionIndexes	vAlignSubstitutionGeneThreePrimeIndexes	vSeqWithMutations
AAAGAACCCGACAGCTTTCTATCTCTGTGCCAGTAGTATACGGGGGCGGCATTCACCCCT	CASSIRGRHSPLHF	227	0.03112573700808995	42	TCRBV19-01	TCRBV19	TCRBV19-01					unresolved	TCRBD01	unresolved			TCRBD01-01,TCRBD01-02		TCRBJ01-06	TCRBJ01	TCRBJ01-06					2	3	6	0	1	8	25	40	41	47	50		In	VDJ												
GAGCAGGGGGACTCGGCCATGTATCTCTGTGCCAGCAGGACAGGGTTCCTATCAGCCCCA		76	0.010420951597422186	40	TCRBV07-09	TCRBV07	TCRBV07-09					TCRBD01-01	TCRBD01	TCRBD01-01					TCRBJ01-05	TCRBJ01	TCRBJ01-05					6	5	2	3	0	5	27	-1	38	45	50		Out	VDJ												
GCAGGGGGACTCGGCCATGTATCTCTGTGCCAGCAGCTTATTACCTGCCTACAATGAGCA	CASSLLPAYNEQFF	56	0.007678595913890031	42	TCRBV07-09	TCRBV07	TCRBV07-09					unresolved	TCRBD01	unresolved			TCRBD01-01,TCRBD01-02		TCRBJ02-01	TCRBJ02	TCRBJ02-01					2	3	3	7	2	2	25	40	42	44	47		In	VDJ												
TGTGCAAGCTATTCATGTTGTGTTACACTGATACAAAGAAAGGGTTTTAGAACTTTATCT		64	0.008775538187302893	67	TCRBV18-01	TCRBV18	TCRBV18-01					TCRBD01-01	TCRBD01	TCRBD01-01					unresolved		unresolved		TCRBJ01,TCRBJ02	TCRBJ01-04,TCRBJ01-06,TCRBJ02-02,TCRBJ02-06		7	14	5	3	30	14	0	10	40	44	58		Out	VDJ												
AGGGGGACTCGGCCATGTATCTCTGTGCCAGCAGCCCCTCGACAGGACGAACACTGAAGC		8	0.0010969422734128616	44	TCRBV07-09	TCRBV07	TCRBV07-09					TCRBD01-01	TCRBD01	TCRBD01-01					TCRBJ01-01	TCRBJ01	TCRBJ01-01					5	2	2	4	5	1	23	35	40	46	48		Out	VDJ												
GAGGACTCCGCCGTGTATCTCTGTGCCAGCAGCTTGGCGGGACAGTTGTGGAAACACCAT		39	0.0053475935828877	46	TCRBV07-08	TCRBV07	TCRBV07-08					TCRBD01-01	TCRBD01	TCRBD01-01					TCRBJ01-03	TCRBJ01	TCRBJ01-03					3	3	0	5	3	3	21	35	38	45	48		Out	VDJ												
CCAGACATCTGTGTACTTCTGTGCCATCAGTGATTTAAGGGGCAGAGCGGAGGAGACCCA	CAISDLRGRAEETQYF	25	0.003427944604415193	48	TCRBV10-03	TCRBV10	TCRBV10-03					unresolved	TCRBD01	unresolved			TCRBD01-01,TCRBD01-02		TCRBJ02-05	TCRBJ02	TCRBJ02-05					3	10	5	2	4	5	19	33	37	42	52		In	VDJ												
TGTGCATGGGATACTTATTGGTCCAAAGCATAGTTCAGGTTGCTGAGAGGGTTCAATAAT		2	2.742355683532154E-4	67	TCRBV30-01	TCRBV30	TCRBV30-01					TCRBD01-01	TCRBD01	TCRBD01-01					TCRBJ01-03	TCRBJ01	TCRBJ01-03					5	19	4	4	26	13	0	9	35	39	58		Out	VDJ												
GCAGGGGGACTCGGCCATGTATCTCTGTGCCAGCAGCTTACCAGGGCCCCAAGAGACCCA	CASSLPGPQETQYF	78	0.0106951871657754	42	TCRBV07-09	TCRBV07	TCRBV07-09					TCRBD01-01	TCRBD01	TCRBD01-01					TCRBJ02-05	TCRBJ02	TCRBJ02-05					2	2	4	3	1	1	25	40	41	46	48		In	VDJ												
GCGAGGAGATTCGGCAGCTTATTTCTGTGCCAGCTCACCGGGCGAATCCTACAATGAGCA	CASSPGESYNEQFF	57	0.00781571369806664	42	TCRBV18-01	TCRBV18	TCRBV18-01					TCRBD01-01	TCRBD01	TCRBD01-01					TCRBJ02-01	TCRBJ02	TCRBJ02-01					3	3	8	0	0	1	25	-1	39	43	46		In	VDJ												
GCAGGGGGACTCGGCCATGTATCTCTGTGCCAGCAGCTTAGCAGGGGCCAAAAACATTCA	CASSLAGAKNIQYF	69	0.009461127108185932	42	TCRBV07-09	TCRBV07	TCRBV07-09					TCRBD01-01	TCRBD01	TCRBD01-01					TCRBJ02-04	TCRBJ02	TCRBJ02-04					0	0	5	3	0	1	25	-1	42	-1	46		In	VDJ												
GCAGGAGGACTCGGCCGTGTATCTCTGTGCCAGCAGCTCCGGGACAGGGAGTGAAAAACT	CASSSGTGSEKLFF	126	0.01727684080625257	42	TCRBV07-02	TCRBV07	TCRBV07-02					TCRBD01-01	TCRBD01	TCRBD01-01					TCRBJ01-04	TCRBJ01	TCRBJ01-04					4	2	0	3	2	7	25	38	40	49	51		In	VDJ												
GGCTGCTCCCTCCCAGACATCTGTGTACTTCTGTGCCAGCAGTTACGGCCTGACAGAGCA	CASSYGLTEQFF	94	0.012889071712601124	36	unresolved	TCRBV06	unresolved			TCRBV06-05,TCRBV06-06		TCRBD01-01	TCRBD01	TCRBD01-01					unresolved	TCRBJ02	unresolved			TCRBJ02-01,TCRBJ02-07		2	0	2	6	5	10	31	46	51	-1	55		In	VDJ												
CCCGACAGCTTTCTATCTCTGTGCCAGTAGTATCATTGAACAGGGGAATGGGTATGGCTA	CASSIIEQGNGYGYTF	54	0.007404360345536816	48	TCRBV19-01	TCRBV19	TCRBV19-01					TCRBD01-01	TCRBD01	TCRBD01-01					TCRBJ01-02	TCRBJ01	TCRBJ01-02					3	6	3	2	6	5	19	33	39	46	52		In	VDJ												
GCAGGAGGACTCGGCCGTGTATCTCTGTGCCAGCAGACGGGGACAGGGGAACTATGGCTA	CASRRGQGNYGYTF	71	0.009735362676539147	42	TCRBV07-02	TCRBV07	TCRBV07-02					TCRBD01-01	TCRBD01	TCRBD01-01					TCRBJ01-02	TCRBJ01	TCRBJ01-02					6	0	0	2	3	2	25	36	39	-1	49		In	VDJ												
TCCCTCCCAGACATCTGTGTACTTCTGTGCCAGCAGTTTAACCTCGACAGGGGGAGGCTA	CASSLTSTGGGYTF	91	0.012477718360071301	42	unresolved	TCRBV06	unresolved			TCRBV06-05,TCRBV06-06		TCRBD01-01	TCRBD01	TCRBD01-01					TCRBJ01-02	TCRBJ01	TCRBJ01-02					4	1	2	1	7	8	25	38	45	54	55		In	VDJ												
GGCTGCTCCCTCCCAGACATCTGTGTACTTCTGTGCCAGCAGAACCCAGGGAGATACGCA	CASRTQGDTQYF	87	0.01192924722336487	36	unresolved	TCRBV06	unresolved			TCRBV06-01,TCRBV06-05,TCRBV06-06		TCRBD01-01	TCRBD01	TCRBD01-01					TCRBJ02-03	TCRBJ02	TCRBJ02-03					6	0	4	3	4	5	31	42	46	-1	51		In	VDJ												
AAAGAACCCGACAGCTTTCTATCTCTGTGCCAGTAGTAAGGGACAGAACACCGGGGAGCT	CASSKGQNTGELFF	46	0.006307418072123955	42	TCRBV19-01	TCRBV19	TCRBV19-01					TCRBD01-01	TCRBD01	TCRBD01-01					TCRBJ02-02	TCRBJ02	TCRBJ02-02					4	0	0	6	1	1	25	38	39	-1	45		In	VDJ												
AGAGCAGCGGGACTCAGCCATGTATCGCTGTGCCAGCAGTAGTGGACAGGGTAACACCAT	CASSSGQGNTIYF	25	0.003427944604415193	39	TCRBV07-07	TCRBV07	TCRBV07-07					TCRBD01-01	TCRBD01	TCRBD01-01					TCRBJ01-03	TCRBJ01	TCRBJ01-03					6	1	1	3	4	7	28	39	43	51	52		In	VDJ												
CCAAAAGAACCCGACAGCTTTCTATCTCTGTGCCAGTAGTATACAGGGGACAGATACGCA	CASSIQGTDTQYF	35	0.004799122446181269	39	TCRBV19-01	TCRBV19	TCRBV19-01					TCRBD01-01	TCRBD01	TCRBD01-01					TCRBJ02-03	TCRBJ02	TCRBJ02-03					2	0	4	2	0	3	28	-1	43	-1	49		In	VDJ												
CCCAAAAGAACCCGACAGCTTTCTATCTCTGTGCCAGTAGGGGACACGCAAAGAGACCCA		20	0.002742355683532154	38	TCRBV19-01	TCRBV19	TCRBV19-01					TCRBD01-01	TCRBD01	TCRBD01-01					TCRBJ02-05	TCRBJ02	TCRBJ02-05					6	4	0	6	0	3	29	-1	40	46	50		Out	VDJ												
CACGGCACTGTATCTCTGCGCCAGCAGTCAGGTCCCCCGACAGGGTTGAAATTCACCCCT	CASSQVPRQG*NSPLHF	41	0.005621829151240916	51	TCRBV23-01	TCRBV23	TCRBV23-01					TCRBD01-01	TCRBD01	TCRBD01-01					TCRBJ01-06	TCRBJ01	TCRBJ01-06					3	4	2	3	8	7	16	30	38	45	49		Stop	VDJ												
CTCGGCCCTCTATCTCTGTGCCAGCAGCCCTTCCGAGGGGGTACGGTCCTACAATGAGCA	CASSPSEGVRSYNEQFF	73	0.010009598244892363	51	unresolved	TCRBV05	unresolved			TCRBV05-06,TCRBV05-07		TCRBD01-01	TCRBD01	TCRBD01-01					TCRBJ02-01	TCRBJ02	TCRBJ02-01					4	5	5	1	7	1	16	28	35	41	46		In	VDJ												
CACAGAGCAGGGGGACTCGGCCATGTATCTCTGTGCCAGCGGACAGGACAATCAGCCCCA	CASGQDNQPQHF	13	0.0017825311942959	36	TCRBV07-09	TCRBV07	TCRBV07-09					TCRBD01-01	TCRBD01	TCRBD01-01					TCRBJ01-05	TCRBJ01	TCRBJ01-05					8	1	1	4	0	3	31	-1	40	47	48		In	VDJ												
CCATCCTGAAGACAGCAGCTTCTACATCTGCAGTGCTAGAGATGGGCCCCCCAGGACCCA	CSARDGPPRTQYF	123	0.01686548745372275	39	TCRBV20-01	TCRBV20	TCRBV20-01					TCRBD01-01	TCRBD01	TCRBD01-01					TCRBJ02-05	TCRBJ02	TCRBJ02-05					0	7	8	0	1	7	28	42	43	47	54		In	VDJ												
GGAGCTGGGGGACTCGGCCCTTTATCTTTGCGCCAGCAGCTTAGGTATTCAAGAGACCCA	CASSLGIQETQYF	89	0.012203482791718085	39	TCRBV05-01	TCRBV05	TCRBV05-01					TCRBD01-01	TCRBD01	TCRBD01-01					TCRBJ02-05	TCRBJ02	TCRBJ02-05					2	4	5	4	0	2	28	-1	42	45	49		In	VDJ												
AAAGCTGGAGGACTCAGCCATGTACTTCTGTGCCAGCAGTGAAGAGACACTTCAGCCCCA	CASSEETLQPQHF	46	0.006307418072123955	39	TCRBV02-01	TCRBV02	TCRBV02-01					TCRBD01-01	TCRBD01	TCRBD01-01					TCRBJ01-05	TCRBJ01	TCRBJ01-05					1	2	2	6	1	6	28	44	45	49	51		In	VDJ												
TGCTCCCTCCCAGACATCTGTGTACTTCTGTGCCAGCAGTGAAGGGTGGGACAGGAGTTA	CASSEGWDRSYTF	42	0.005758946935417524	39	TCRBV06-01	TCRBV06	TCRBV06-01					TCRBD01-01	TCRBD01	TCRBD01-01					TCRBJ01-02	TCRBJ01	TCRBJ01-02					1	3	0	4	3	11	28	44	47	55	58		In	VDJ												
CCATCCTGAAGACAGCAGCTTCTACATCTGCAGTGCTAGAGAAGGTTTATACAATGAGCA	CSAREGLYNEQFF	106	0.014534485122720417	39	TCRBV20-01	TCRBV20	TCRBV20-01					TCRBD01-01	TCRBD01	TCRBD01-01					TCRBJ02-01	TCRBJ02	TCRBJ02-01					0	4	5	4	0	4	28	-1	42	45	49		In	VDJ												
GACATCTGTGTACTTCTGTGCCAGCGTAAGAACCGGGACAGGGATAGGCAATTCACCCCT	CASVRTGTGIGNSPLHF	44	0.006033182503770739	51	unresolved	TCRBV06	unresolved			TCRBV06-01,TCRBV06-04,TCRBV06-05,TCRBV06-06		TCRBD01-01	TCRBD01	TCRBD01-01					TCRBJ01-06	TCRBJ01	TCRBJ01-06					8	6	0	3	9	7	16	25	34	43	49		In	VDJ												
AGACAGCAGCATATATCTCTGCAGCGTTCCCCCCGTGGGGACAGCCTATCAAGAGACCCA	CSVPPVGTAYQETQYF	94	0.012889071712601124	48	TCRBV29-01	TCRBV29	TCRBV29-01					TCRBD01-01	TCRBD01	TCRBD01-01					TCRBJ02-05	TCRBJ02	TCRBJ02-05					5	5	0	5	9	2	19	28	37	44	49		In	VDJ												
TGAGGACTCGGCCGTGTATCTCTGTGCCAGCAGCTCCCACCAGGACATCCAAGAGACCCA	CASSSHQDIQETQYF	35	0.004799122446181269	45	TCRBV11-02	TCRBV11	TCRBV11-02					TCRBD01-01	TCRBD01	TCRBD01-01					TCRBJ02-05	TCRBJ02	TCRBJ02-05					4	1	1	6	7	1	22	35	42	47	48		In	VDJ												
CTCAGAACCCAGGGACTCAGCTGTGTACTTCTGTGCCAGCAGTTTAGGTACAGATACGCA	CASSLGTDTQYF	237	0.03249691484985603	36	TCRBV12-03/TCRBV12-04	TCRBV12	TCRBV12-03/TCRBV12-04					unresolved		unresolved					TCRBJ02-03	TCRBJ02	TCRBJ02-03					1	2	0	0	0	3	31	-1	-1	47	49		In	VJ												
GCAGGGGGACTCGGCCATGTATCTCTGTGCCAGCAGCCCCGGGACAGGGAACACTGAAGC	CASSPGTGNTEAFF	6	8.227067050596463E-4	42	TCRBV07-09	TCRBV07	TCRBV07-09					TCRBD01-01	TCRBD01	TCRBD01-01					TCRBJ01-01	TCRBJ01	TCRBJ01-01					5	0	0	4	3	1	25	37	40	-1	48		In	VDJ												
GGACTCGGCCATGTATCTCTGTGCCAGCAGCCCGACCCATCGGGACAGGGGTTCCGAAGC	CASSPTHRDRGSEAFF	9	0.0012340600575894694	48	unresolved		unresolved		TCRBV07,TCRBV11	TCRBV07-09,TCRBV11-01		TCRBD01-01	TCRBD01	TCRBD01-01					TCRBJ01-01	TCRBJ01	TCRBJ01-01					5	4	0	2	10	8	19	31	41	51	55		In	VDJ												
GACCAGTGCCCATCCTGAAGACAGCAGCTTCTACATCTGCAGTGCCTTACAGCCTCCGGC	CSALQPPAFF	91	0.012477718360071301	30	TCRBV20-01	TCRBV20	TCRBV20-01					TCRBD01-01	TCRBD01	TCRBD01-01					TCRBJ01-01	TCRBJ01	TCRBJ01-01					6	6	3	5	3	11	37	45	48	52	58		In	VDJ												
AAAGAACCCGACAGCTTTCTATCTCTGTGCCAGCCTCGGGACACCGTTTAACTATGGCTA	CASLGTPFNYGYTF	9	0.0012340600575894694	42	TCRBV19-01	TCRBV19	TCRBV19-01					TCRBD01-01	TCRBD01	TCRBD01-01					TCRBJ01-02	TCRBJ01	TCRBJ01-02					9	5	0	6	4	1	25	33	37	43	48		In	VDJ												
GCAGGAGGACTCGGCCGTGTATCTCTGTGCCAGCAGTCGACAGGGGTCCTTCGATGAGCA	CASSRQGSFDEQFF	9	0.0012340600575894694	42	TCRBV07-02	TCRBV07	TCRBV07-02					TCRBD01-01	TCRBD01	TCRBD01-01					TCRBJ02-01	TCRBJ02	TCRBJ02-01					6	7	2	2	2	8	25	36	38	46	53		In	VDJ												
TCCCTCCCAGACATCTGTGTACTTCTGTGCCAGCTGCCGGGACAGCGAGAACACTGAAGC	CASCRDSENTEAFF	22	0.0030165912518853697	42	unresolved	TCRBV06	unresolved			TCRBV06-01,TCRBV06-05,TCRBV06-06		TCRBD01-01	TCRBD01	TCRBD01-01					TCRBJ01-01	TCRBJ01	TCRBJ01-01					8	3	0	5	4	1	25	34	38	45	48		In	VDJ												
AGACACGGCACTGTATCTCTGCGCCAGCAGTCAGAAAAACGGGACAGGGGAGGGTGAGCA	CASSQKNGTGEGEQFF	11	0.0015082956259426848	48	TCRBV23-01	TCRBV23	TCRBV23-01					TCRBD01-01	TCRBD01	TCRBD01-01					TCRBJ02-01	TCRBJ02	TCRBJ02-01					3	4	0	2	7	9	19	33	40	50	54		In	VDJ												
CGGCCGTGTATCTCTGTGCCAGCAGCTTAGATCGGAGGGACAGCTCCTATACAATGAGCA		25	0.003427944604415193	53	unresolved	TCRBV11	unresolved			TCRBV11-02,TCRBV11-03		TCRBD01-01	TCRBD01	TCRBD01-01					TCRBJ02-01	TCRBJ02	TCRBJ02-01					0	6	0	5	5	4	14	31	36	43	49		Out	VDJ												
TTCGGCAGCTTATTTCTGTGCCAGCTCACCCCGTGGACAGGGGGCAGGGAATGAAAAACT	CASSPRGQGAGNEKLFF	6	8.227067050596463E-4	51	TCRBV18-01	TCRBV18	TCRBV18-01					TCRBD01-01	TCRBD01	TCRBD01-01					TCRBJ01-04	TCRBJ01	TCRBJ01-04					3	4	1	0	4	5	16	30	34	45	49		In	VDJ												
AAAGAACCCGACAGCTTTCTATCTCTGTGCCAGTAGTATCCAGGGGCCAGGAACTGAAGC	CASSIQGPGTEAFF	9	0.0012340600575894694	42	TCRBV19-01	TCRBV19	TCRBV19-01					TCRBD01-01	TCRBD01	TCRBD01-01					TCRBJ01-01	TCRBJ01	TCRBJ01-01					3	6	4	2	1	5	25	39	40	46	52		In	VDJ												
ACTCGGCCCTGTATCTCTGTGCCAGCAGCCAGGACCCCGGGACAGGGTGTTTGGTGAGCA		77	0.010558069381598794	50	TCRBV04-02	TCRBV04	TCRBV04-02					TCRBD01-01	TCRBD01	TCRBD01-01					TCRBJ02-01	TCRBJ02	TCRBJ02-01					3	7	0	3	7	9	17	31	38	47	54		Out	VDJ												
CTTGGAGCTGGGGGACTCGGCCCTTTATCTTTGCGCCAGCAGCTGGGGGACAGGGGATCT	CASSWGTGDLFF	48	0.00658165364047717	36	TCRBV05-01	TCRBV05	TCRBV05-01					TCRBD01-01	TCRBD01	TCRBD01-01					unresolved		unresolved		TCRBJ01,TCRBJ02	TCRBJ01-04,TCRBJ01-06,TCRBJ02-02,TCRBJ02-06		3	2	0	2	2	14	31	44	46	56	58		In	VDJ												
GGGACTCAGCTGTGTATTTTTGTGCTAGTGGTTTGGGGGGAGGGGCCCCTACAATGAGCA		103	0.014123131770190594	47	TCRBV12-05	TCRBV12	TCRBV12-05					TCRBD01-01	TCRBD01	TCRBD01-01					TCRBJ02-01	TCRBJ02	TCRBJ02-01					1	2	5	2	4	2	20	36	40	45	47		Out	VDJ												
CCTCTCAGACTTCTGTTTACTTCTGTGCCAGCAGTTACTTGACAGGGGGATCGCTGAAGC		13	0.0017825311942959	44	TCRBV06-07	TCRBV06	TCRBV06-07					TCRBD01-01	TCRBD01	TCRBD01-01					TCRBJ01-01	TCRBJ01	TCRBJ01-01					1	4	2	1	1	6	23	39	40	49	53		Out	VDJ												
GCTGGGGGACTCGGCCCTTTATCTTTGCGCCAGCGCGAGGCGTGATAGGGACTATGGCTA	CASARRDRDYGYTF	31	0.004250651309474839	42	TCRBV05-01	TCRBV05	TCRBV05-01					TCRBD01-01	TCRBD01	TCRBD01-01					TCRBJ01-02	TCRBJ01	TCRBJ01-02					7	0	5	3	12	3	25	34	46	-1	50		In	VDJ												
GCTGGGGGACTCGGCCCTTTATCTTTGCGCCAGCAGCCCGGGACAGGAGTACAATGAGCA	CASSPGQEYNEQFF	24	0.003290826820238585	42	TCRBV05-01	TCRBV05	TCRBV05-01					TCRBD01-01	TCRBD01	TCRBD01-01					TCRBJ02-01	TCRBJ02	TCRBJ02-01					4	2	0	4	2	4	25	37	39	47	49		In	VDJ												
CCATCCTGAAGACAGCAGCTTCTACATCTGCAGTGCTAGAGACAGGGGGGACAATGAGCA	CSARDRGDNEQFF	33	0.004524886877828055	39	TCRBV20-01	TCRBV20	TCRBV20-01					TCRBD01-01	TCRBD01	TCRBD01-01					TCRBJ02-01	TCRBJ02	TCRBJ02-01					0	1	4	1	0	5	28	-1	42	49	50		In	VDJ												
TCCCTCCCAGACATCTGTGTACTTCTGTGCCAGCAGTAGACAGGGTATTCAAGAGACCCA	CASSRQGIQETQYF	7	9.598244892362539E-4	42	unresolved	TCRBV06	unresolved			TCRBV06-01,TCRBV06-05,TCRBV06-06		TCRBD01-01	TCRBD01	TCRBD01-01					TCRBJ02-05	TCRBJ02	TCRBJ02-05					5	4	2	3	1	2	25	37	38	45	49		In	VDJ												
CCAAAAGAACCCGACAGCTTTCTATCTCTGTGCCAGCGGTGGACAGGGGTGGTCACCCCT	CASGGQGWSPLHF	3	4.1135335252982314E-4	39	TCRBV19-01	TCRBV19	TCRBV19-01					TCRBD01-01	TCRBD01	TCRBD01-01					TCRBJ01-06	TCRBJ01	TCRBJ01-06					9	3	1	2	4	10	28	36	40	49	52		In	VDJ												
AGATTCGGCAGCTTATTTCTGTGCCAGCTCAGTTGACGAAGGACAGGGTGCTGAAAAACT	CASSVDEGQGAEKLFF	3	4.1135335252982314E-4	48	TCRBV18-01	TCRBV18	TCRBV18-01					TCRBD01-01	TCRBD01	TCRBD01-01					TCRBJ01-04	TCRBJ01	TCRBJ01-04					5	3	1	3	9	7	19	31	40	48	51		In	VDJ												
GCTGGGGGACTCGGCCCTGTATCTCTGTGCCAGCAGCTTGGAGGGGGCGAGCACTGAAGC	CASSLEGASTEAFF	30	0.004113533525298231	42	TCRBV05-05	TCRBV05	TCRBV05-05					TCRBD01-01	TCRBD01	TCRBD01-01					TCRBJ01-01	TCRBJ01	TCRBJ01-01					0	3	5	0	0	4	25	-1	41	48	51		In	VDJ												
CCAAAAGAACCCGACAGCTTTCTATCTCTGTGCCACAGAAGCAGGAGGGGCCAACGTCCT	CATEAGGANVLTF	5	6.855889208830385E-4	39	TCRBV19-01	TCRBV19	TCRBV19-01					TCRBD01-01	TCRBD01	TCRBD01-01					TCRBJ02-06	TCRBJ02	TCRBJ02-06					10	1	4	4	6	4	28	35	41	45	46		In	VDJ												
CTCCCAGACATCTGTGTACTTCTGTGCCAGCAGTTACATAACGACAGGGGGTTCACCCCT	CASSYITTGGSPLHF	7	9.598244892362539E-4	45	unresolved	TCRBV06	unresolved			TCRBV06-05,TCRBV06-06		TCRBD01-01	TCRBD01	TCRBD01-01					TCRBJ01-06	TCRBJ01	TCRBJ01-06					2	0	2	1	5	9	22	37	42	-1	51		In	VDJ												
GGACTCGGCCCTCTATCTCTGTGCCAGCAGCAGCCCGGGACAGAACCTTAATTCACCCCT	CASSSPGQNLNSPLHF	10	0.001371177841766077	48	unresolved	TCRBV05	unresolved			TCRBV05-06,TCRBV05-07		TCRBD01-01	TCRBD01	TCRBD01-01					TCRBJ01-06	TCRBJ01	TCRBJ01-06					4	5	0	5	5	6	19	31	36	43	48		In	VDJ												
AGACATCTGTGTACTTCTGTGCCAGCAGTTCGGGTGTGTGACAGGGGGGAATTCACCCCT		6	8.227067050596463E-4	50	unresolved	TCRBV06	unresolved			TCRBV06-05,TCRBV06-06		TCRBD01-01	TCRBD01	TCRBD01-01					TCRBJ01-06	TCRBJ01	TCRBJ01-06					4	1	2	1	9	7	17	30	39	48	49		Out	VDJ												
GGAGGACTCAGCCATGTACTTCTGTGCCAGCAGTGCCCCGACAGGGATGGCAAACACCAT	CASSAPTGMANTIYF	7	9.598244892362539E-4	45	TCRBV02-01	TCRBV02	TCRBV02-01					TCRBD01-01	TCRBD01	TCRBD01-01					TCRBJ01-03	TCRBJ01	TCRBJ01-03					4	5	2	3	4	6	22	35	39	46	51		In	VDJ												
CGACTCGGCCCTGTATCTCTGTGCCAGCAGCTTGAGGAGGGGCCGAGGTAACACTGAAGC	CASSLRRGRGNTEAFF	39	0.0053475935828877	48	TCRBV05-04	TCRBV05	TCRBV05-04					TCRBD01-01	TCRBD01	TCRBD01-01					TCRBJ01-01	TCRBJ01	TCRBJ01-01					1	7	5	2	3	2	19	34	37	42	49		In	VDJ												
GCTGGGGGACTCGGCCCTTTATCTTTGCGCCAGCAGCTTCTTACAGGGTCCAGATACGCA	CASSFLQGPDTQYF	18	0.0024681201151789387	42	TCRBV05-01	TCRBV05	TCRBV05-01					TCRBD01-01	TCRBD01	TCRBD01-01					TCRBJ02-03	TCRBJ02	TCRBJ02-03					2	2	3	3	3	4	25	39	42	48	50		In	VDJ												
GCTGGAGGACTCAGCCATGTACTTCTGTGCCAGCCGGAAAGAAAGGACAGTAGAGACCCA	CASRKERTVETQYF	5	6.855889208830385E-4	42	TCRBV02-01	TCRBV02	TCRBV02-01					TCRBD01-01	TCRBD01	TCRBD01-01					TCRBJ02-05	TCRBJ02	TCRBJ02-05					8	1	1	5	10	4	25	34	44	50	51		In	VDJ												
GGGGGACTCGGCCCTTTATCTTTGCGCCAGCAGCCCGAGCCTACAGGGATTCGGGGAGCT	CASSPSLQGFGELFF	19	0.0026052378993555465	45	TCRBV05-01	TCRBV05	TCRBV05-01					TCRBD01-01	TCRBD01	TCRBD01-01					TCRBJ02-02	TCRBJ02	TCRBJ02-02					4	3	3	3	8	7	22	34	42	48	51		In	VDJ												
GGACTCAGCCCTGTACTTCTGTGCCAGCAGCCCTAATGCAGGGCCTGCCTACAATGAGCA	CASSPNAGPAYNEQFF	8	0.0010969422734128616	48	TCRBV13-01	TCRBV13	TCRBV13-01					TCRBD01-01	TCRBD01	TCRBD01-01					TCRBJ02-01	TCRBJ02	TCRBJ02-01					5	4	4	3	7	2	19	31	38	43	47		In	VDJ												
GGCTGCTCCCTCCCAGACATCTGTGTACTTCTGTGCCAGCACCGCAGCGGACAGAAGAGC	CASTAADRRAFF	5	6.855889208830385E-4	36	unresolved	TCRBV06	unresolved			TCRBV06-01,TCRBV06-05,TCRBV06-06		TCRBD01-01	TCRBD01	TCRBD01-01					TCRBJ01-01	TCRBJ01	TCRBJ01-01					7	3	1	5	7	10	31	41	48	54	57		In	VDJ												
GGGGACTCGGCCCTTTATCTTTGCGCCAGCAGCTTGTTCCTAGGGGACCAAAAACATTCA		17	0.002331002331002331	46	TCRBV05-01	TCRBV05	TCRBV05-01					TCRBD01-01	TCRBD01	TCRBD01-01					TCRBJ02-04	TCRBJ02	TCRBJ02-04					1	1	5	2	5	2	21	36	41	46	47		Out	VDJ												
GCTTGGGGACTCGGCCGTGTATCTCTGTGCCAGCAGCGAGGGACAGAGCACAGATACGCA	CASSEGQSTDTQYF	7	9.598244892362539E-4	42	TCRBV11-03	TCRBV11	TCRBV11-03					TCRBD01-01	TCRBD01	TCRBD01-01					TCRBJ02-03	TCRBJ02	TCRBJ02-03					5	0	0	5	2	0	25	37	39	-1	46		In	VDJ												
TGCCCATCCTGAAGACAGCAGCTTCTACATCTGCAGTGCTAGAACACCGAACAATGAGCA	CSARTPNNEQFF	13	0.0017825311942959	36	TCRBV20-01	TCRBV20	TCRBV20-01					TCRBD01-01	TCRBD01	TCRBD01-01					TCRBJ02-01	TCRBJ02	TCRBJ02-01					2	4	3	6	0	5	31	-1	43	46	50		In	VDJ												
GGAGCTGGGGGACTCGGCCCTTTATCTTTGCGCCAGCAGCTACTCAGGCTCCGAGACCCA	CASSYSGSETQYF	8	0.0010969422734128616	39	TCRBV05-01	TCRBV05	TCRBV05-01					TCRBD01-01	TCRBD01	TCRBD01-01					TCRBJ02-05	TCRBJ02	TCRBJ02-05					3	4	4	4	3	5	28	41	44	48	52		In	VDJ												
CAGTGCCCATCCTGAAGACAGCAGCTTCTACATCTGCAGTGTGGGCTCCCAAGAGACCCA	CSVGSQETQYF	11	0.0015082956259426848	33	TCRBV20-01	TCRBV20	TCRBV20-01					TCRBD01-01	TCRBD01	TCRBD01-01					TCRBJ02-05	TCRBJ02	TCRBJ02-05					7	2	8	0	1	1	34	41	42	46	48		In	VDJ												
GGAGCTGGACGACTCGGCCCTGTATCTCTGTGCCAGCAGTTCAGGCCCCCCCATAGAGCT	CASSSGPPIELFF	21	0.002879473467708762	39	TCRBV05-04	TCRBV05	TCRBV05-04					TCRBD01-01	TCRBD01	TCRBD01-01					TCRBJ02-02	TCRBJ02	TCRBJ02-02					5	10	4	4	2	11	28	39	41	45	55		In	VDJ												
GCTGGACGACTCGGCCCTGTATCTCTGTGCCAGCAGGTCGGGACAGGGCAATTCACCCCT	CASRSGQGNSPLHF	14	0.0019196489784725078	42	TCRBV05-04	TCRBV05	TCRBV05-04					TCRBD01-01	TCRBD01	TCRBD01-01					TCRBJ01-06	TCRBJ01	TCRBJ01-06					5	1	0	3	3	7	25	36	39	48	49		In	VDJ												
TGTGTACTTCTGTGCCAGCAGTTACTCGACCGGACAGGGTATCAGCTCTGGAAACACCAT	CASSYSTGQGISSGNTIYF	3	4.1135335252982314E-4	57	unresolved	TCRBV06	unresolved			TCRBV06-02,TCRBV06-03,TCRBV06-05,TCRBV06-06		TCRBD01-01	TCRBD01	TCRBD01-01					TCRBJ01-03	TCRBJ01	TCRBJ01-03					0	6	1	3	4	0	10	27	31	39	45		In	VDJ												
GACTCGGCCCTGTATCTCTGTGCCAGAAGCCCGCAGGGGGCGCGATTGCAATCAGCCCCA		3	4.1135335252982314E-4	49	TCRBV05-03	TCRBV05	TCRBV05-03					TCRBD01-01	TCRBD01	TCRBD01-01					TCRBJ01-05	TCRBJ01	TCRBJ01-05					4	6	4	0	3	2	18	30	33	41	47		Out	VDJ												
GCTCCTTCTCAGTGACTCTGGCTTCTATCTCTGTGCCTGGCCAGGGGTAGGCGAGACCCA	CAWPGVGETQYF	2	2.742355683532154E-4	36	TCRBV30-01	TCRBV30	TCRBV30-01					TCRBD01-01	TCRBD01	TCRBD01-01					TCRBJ02-05	TCRBJ02	TCRBJ02-05					5	5	4	2	1	5	31	40	41	47	52		In	VDJ												
GGGGGACTCGGCCATGTATCTCTGTGCCAGCAGCTTAGCACCCGGTAGGGAAGAGACCCA	CASSLAPGREETQYF	2	2.742355683532154E-4	45	TCRBV07-09	TCRBV07	TCRBV07-09					TCRBD01-01	TCRBD01	TCRBD01-01					TCRBJ02-05	TCRBJ02	TCRBJ02-05					0	0	5	3	7	3	22	39	46	-1	50		In	VDJ												
GCAGGAGGACTCGTCCGTGTATCTCTGTGCCAGCGGCGACAGTTCGAACACCGGGGAGCT	CASGDSSNTGELFF	2	2.742355683532154E-4	42	TCRBV07-02	TCRBV07	TCRBV07-02					TCRBD01-01	TCRBD01	TCRBD01-01					TCRBJ02-02	TCRBJ02	TCRBJ02-02					8	2	2	5	3	0	25	34	37	42	44		In	VDJ												
CCCGACAGCTTTCTATCTCTGTGCCAGTAGTATTAGGGCAGGGTAGGGTAATTCACCCCT	CASSIRAG*GNSPLHF	2	2.742355683532154E-4	48	TCRBV19-01	TCRBV19	TCRBV19-01					TCRBD01-01	TCRBD01	TCRBD01-01					TCRBJ01-06	TCRBJ01	TCRBJ01-06					3	5	4	3	5	6	19	33	38	43	48		Stop	VDJ												
TGACTCTGGCTTCTATCTCTGTGCCTGGAGTGTACCCCGGGGACAGGGTAATTCACCCCT	CAWSVPRGQGNSPLHF	2	2.742355683532154E-4	48	TCRBV30-01	TCRBV30	TCRBV30-01					TCRBD01-01	TCRBD01	TCRBD01-01					TCRBJ01-06	TCRBJ01	TCRBJ01-06					0	0	0	3	6	6	19	33	39	-1	48		In	VDJ												
GCTGGGGGACTCGGCCCTTTATCTTTGCGCCAGCAGCACGGGACAACGGGAGTCACCCCT	CASSTGQRESPLHF	5	6.855889208830385E-4	42	TCRBV05-01	TCRBV05	TCRBV05-01					TCRBD01-01	TCRBD01	TCRBD01-01					TCRBJ01-06	TCRBJ01	TCRBJ01-06					4	7	0	6	2	10	25	37	39	45	52		In	VDJ												
TGTGCTTCAATAAAATATCACAGCACAGTTACAGGAGAAGCAATAAATAGGCTAAGATGC		27	0.003702180172768408	67	TCRBV12-05	TCRBV12	TCRBV12-05					TCRBD01-01	TCRBD01	TCRBD01-01					TCRBJ01-01	TCRBJ01	TCRBJ01-01					11	23	3	4	24	11	0	6	30	35	58		Out	VDJ												
GCCCATCCTGAAGACAGCAGCTTCTACATCTGCAGTGCTAGACCAGGGGGGCGACGAGTA		8	0.0010969422734128616	37	TCRBV20-01	TCRBV20	TCRBV20-01					TCRBD01-01	TCRBD01	TCRBD01-01					TCRBJ01-02	TCRBJ01	TCRBJ01-02					2	8	4	1	1	11	30	42	43	50	58		Out	VDJ												
GGGACTCAGCTGTGTACTTCTGTGCCAGCAGTTTACGGGGAGGGGACAGGGTGGTGGCTA		23	0.0031537090360619774	47	TCRBV12-03/TCRBV12-04	TCRBV12	TCRBV12-03/TCRBV12-04					TCRBD01-01	TCRBD01	TCRBD01-01					TCRBJ01-02	TCRBJ01	TCRBJ01-02					2	3	0	3	7	7	20	35	42	51	54		Out	VDJ												
AGGACTCGGCCCTGTATCTCTGTGCCAGCAGCCGGAGGGTTTAGGAGGTGACTATGGCTA		8	0.0010969422734128616	47	TCRBV05-08	TCRBV05	TCRBV05-08					TCRBD01-01	TCRBD01	TCRBD01-01					TCRBJ01-02	TCRBJ01	TCRBJ01-02					4	11	5	3	3	3	20	32	35	39	50		Out	VDJ												
CTGGGGGACGCAGCCATGTACCTGTGTGCCACCAGGGCGATAGGGGCAGGACTATGGCTA		41	0.005621829151240916	43	TCRBV15-01	TCRBV15	TCRBV15-01					TCRBD01-01	TCRBD01	TCRBD01-01					TCRBJ01-02	TCRBJ01	TCRBJ01-02					6	4	5	2	6	3	24	35	41	46	50		Out	VDJ												
AGTGCGAGGAGATTCGGCAGCTTATTTCTGTGCCAGCTCCCGCGACAATAACTATGGCTA	CASSRDNNYGYTF	2	2.742355683532154E-4	39	TCRBV18-01	TCRBV18	TCRBV18-01					TCRBD01-01	TCRBD01	TCRBD01-01					TCRBJ01-02	TCRBJ01	TCRBJ01-02					6	1	2	6	4	1	28	39	43	47	48		In	VDJ												
GGAGGACTCAGCCATGTACTTCTGTGCCAGCAGTGAAGCGCAGGGACAGAACTATGGCTA	CASSEAQGQNYGYTF	2	2.742355683532154E-4	45	TCRBV02-01	TCRBV02	TCRBV02-01					TCRBD01-01	TCRBD01	TCRBD01-01					TCRBJ01-02	TCRBJ01	TCRBJ01-02					0	0	0	5	3	2	22	39	42	-1	49		In	VDJ												
GGACTCGGCCCTTTATCTTTGCGTCAGCAGCTTGGGTTCCGGCAGGGGGCAGAATGGCTA	CVSSLGSGRGQNGYTF	6	8.227067050596463E-4	48	TCRBV05-01	TCRBV05	TCRBV05-01					TCRBD01-01	TCRBD01	TCRBD01-01					TCRBJ01-02	TCRBJ01	TCRBJ01-02					0	3	4	0	7	6	19	35	42	50	53		In	VDJ												
CCGGTCCACAAAGCTGGAGGACTCAGCCATGTACTTCTGTGCCGCGGGACAGAATGGCTA	CAAGQNGYTF	2	2.742355683532154E-4	30	TCRBV02-01	TCRBV02	TCRBV02-01					TCRBD01-01	TCRBD01	TCRBD01-01					TCRBJ01-02	TCRBJ01	TCRBJ01-02					11	1	0	5	2	6	37	43	45	52	53		In	VDJ												
TGCCCATCCTGAAGACAGCAGCTTCTACATCTGCAGTGCGGGTTCAGGCCTCGAGGGCTA	CSAGSGLEGYTF	8	0.0010969422734128616	36	TCRBV20-01	TCRBV20	TCRBV20-01					TCRBD01-01	TCRBD01	TCRBD01-01					TCRBJ01-02	TCRBJ01	TCRBJ01-02					6	7	4	4	5	8	31	39	44	48	55		In	VDJ												
TGAGGACTCGGCCGTGTATCTCTGTGCCAGCAGCCCAAGGGACAGCCCCACAGATACGCA	CASSPRDSPTDTQYF	4	5.484711367064308E-4	45	TCRBV11-02	TCRBV11	TCRBV11-02					TCRBD01-01	TCRBD01	TCRBD01-01					TCRBJ02-03	TCRBJ02	TCRBJ02-03					5	3	0	5	4	2	22	34	38	45	48		In	VDJ												
CAAACATCTGTTTACTTCTGTGCCAGCAGTTAATTATACCTGACAGGGCAGTTGTGAGCA		2	2.742355683532154E-4	49	TCRBV06-02/TCRBV06-03	TCRBV06	TCRBV06-02/TCRBV06-03					TCRBD01-01	TCRBD01	TCRBD01-01					TCRBJ02-01	TCRBJ02	TCRBJ02-01					3	6	2	3	9	9	18	32	41	48	54		Out	VDJ												
GGGTGACTCGGCCATGTATCTCTGTGCCAGCAGCTTAGACGGGACAGGGGCCAATGAGCA	CASSLDGTGANEQFF	2	2.742355683532154E-4	45	TCRBV07-09	TCRBV07	TCRBV07-09					TCRBD01-01	TCRBD01	TCRBD01-01					TCRBJ02-01	TCRBJ02	TCRBJ02-01					1	1	0	2	2	6	22	38	40	50	51		In	VDJ												
GGACTCAGCTTTGTATTTCTGTGCCAGCAGCCCCCGGGTAGGGGGTGGAAACAATGAGCA	CASSPRVGGGNNEQFF	27	0.003702180172768408	48	TCRBV09-01	TCRBV09	TCRBV09-01					TCRBD01-01	TCRBD01	TCRBD01-01					TCRBJ02-01	TCRBJ02	TCRBJ02-01					4	5	5	1	8	5	19	31	39	45	50		In	VDJ												
AAAGAACCCGACAGCTTTCTATCTCTGTGCCAGTAGTCCCGGGACAGGGATCTACGAGCA	CASSPGTGIYEQYF	2	2.742355683532154E-4	42	TCRBV19-01	TCRBV19	TCRBV19-01					TCRBD01-01	TCRBD01	TCRBD01-01					TCRBJ02-07	TCRBJ02	TCRBJ02-07					5	2	0	3	3	3	25	37	40	49	51		In	VDJ												
TATCGGTGTTCCACAGTTTGTTTAAACATTCACCCACTGAAGAACATTTAAATTGTTCCT		2	2.742355683532154E-4	61	unresolved	TCRBV07	unresolved			TCRBV07-06,TCRBV07-07		unresolved	TCRBD01	unresolved			TCRBD01-01,TCRBD01-02		TCRBJ02-06	TCRBJ02	TCRBJ02-06					10	28	3	6	12	14	6	13	25	28	56		Out	VDJ												
AAAAGAACCCGACAGCTTTCTATCTCTGTGCCAGTAGTATACGGGGCGGCATTCACCCCT		2	2.742355683532154E-4	41	TCRBV19-01	TCRBV19	TCRBV19-01					unresolved	TCRBD01	unresolved			TCRBD01-01,TCRBD01-02		TCRBJ01-06	TCRBJ01	TCRBJ01-06					2	3	7	0	1	8	26	41	42	47	50		Out	VDJ												
CTGTCCCTGATGGTTATAGTGTCTCCAGAGCAAATGGCTGGAAGGGCCTAGATCAAGACT	CP*WL*CLQSKWLEGPRSRLFF	2	2.742355683532154E-4	66	TCRBV30-01	TCRBV30	TCRBV30-01					unresolved	TCRBD01	unresolved			TCRBD01-01,TCRBD01-02		TCRBJ01-04	TCRBJ01	TCRBJ01-04					6	11	5	3	33	13	1	9	42	46	57		Stop	VDJ												
CTCGGCCGTGTATCTCTGTGCCAGCAGCTTAGGATTGAGAGGGCAGGTGGACGAAAAACT	CASSLGLRGQVDEKLFF	3	4.1135335252982314E-4	51	unresolved		unresolved		TCRBV07,TCRBV11	TCRBV07-02,TCRBV11-02,TCRBV11-03		unresolved	TCRBD01	unresolved			TCRBD01-01,TCRBD01-02		TCRBJ01-04	TCRBJ01	TCRBJ01-04					1	0	1	7	16	8	16	32	48	-1	52		In	VDJ												
TGCAGTGTTGGTGTGGCTCAGAGGTTAGGATGCTGGGGTTGGAGTGTCCCTGAAATAGGC		9	0.0012340600575894694	67	TCRBV20-01	TCRBV20	TCRBV20-01					unresolved	TCRBD01	unresolved			TCRBD01-01,TCRBD01-02		TCRBJ01-01	TCRBJ01	TCRBJ01-01					7	20	6	2	27	11	0	7	34	38	58		Out	VDJ												
TTTGTTCCAAGCAGAAAACGGCATACGAGCTCTCCCGATCTTATAGCTGAAGGGTACAGC		2	2.742355683532154E-4	65	TCRBV16-01	TCRBV16	TCRBV16-01					unresolved	TCRBD01	unresolved			TCRBD01-01,TCRBD01-02		TCRBJ01-01	TCRBJ01	TCRBJ01-01					10	3	5	3	41	10	2	9	50	54	57		Out	VDJ												
AAAGCTGGAGGACTCAGCCATGTACTTCTGTGCCAGCAGTGAATTGGAAGACACTGAAGC	CASSELEDTEAFF	2	2.742355683532154E-4	39	TCRBV02-01	TCRBV02	TCRBV02-01					unresolved	TCRBD01	unresolved			TCRBD01-01,TCRBD01-02		TCRBJ01-01	TCRBJ01	TCRBJ01-01					2	2	1	8	2	3	28	43	45	48	50		In	VDJ												
GCGCACAGAGCAGGGGGACTCGGCCATGTATCTCTGTGCCAGCCAAGGGGGGTCTGGCTA	CASQGGSGYTF	2	2.742355683532154E-4	33	TCRBV07-09	TCRBV07	TCRBV07-09					unresolved	TCRBD01	unresolved			TCRBD01-01,TCRBD01-02		TCRBJ01-02	TCRBJ01	TCRBJ01-02					8	3	5	1	2	7	34	43	45	51	54		In	VDJ												
GGACTCCGCCGTGTATCTCTGTGTCAGCAGCTCCCCCGGGCTAGTCCGCGCAGATACGCA	CVSSSPGLVRADTQYF	3	4.1135335252982314E-4	48	TCRBV07-08	TCRBV07	TCRBV07-08					unresolved	TCRBD01	unresolved			TCRBD01-01,TCRBD01-02		TCRBJ02-03	TCRBJ02	TCRBJ02-03					4	9	8	0	5	4	19	32	37	41	50		In	VDJ												
CTCGGCCATGTATCTCTGTGCCAGCAGCTTAGTAGCTGGGCTACTTGGCACAGATACGCA	CASSLVAGLLGTDTQYF	2	2.742355683532154E-4	51	unresolved		unresolved		TCRBV07,TCRBV11	TCRBV07-09,TCRBV11-01		unresolved	TCRBD01	unresolved			TCRBD01-01,TCRBD01-02		TCRBJ02-03	TCRBJ02	TCRBJ02-03					1	6	8	0	5	1	16	32	37	41	47		In	VDJ												
TCTGGAGCTGGGGGACTCAGCTTTGTATTTCTGTTCCAGCAGCGTAGGACCTAATGAGCA	CSSSVGPNEQFF	27	0.003702180172768408	36	TCRBV09-01	TCRBV09	TCRBV09-01					unresolved	TCRBD01	unresolved			TCRBD01-01,TCRBD01-02		TCRBJ02-01	TCRBJ02	TCRBJ02-01					0	2	2	7	0	7	31	-1	47	50	52		In	VDJ												
AGAGCAGGGGGACTCGGCCATGTATCTCTGTGCCAGCAGCTTCCTAAGAGGAGAGACCCA	CASSFLRGETQYF	2	2.742355683532154E-4	39	TCRBV07-09	TCRBV07	TCRBV07-09					unresolved	TCRBD01	unresolved			TCRBD01-01,TCRBD01-02		TCRBJ02-05	TCRBJ02	TCRBJ02-05					3	0	5	4	6	4	28	42	48	-1	51		In	VDJ												
AGTGCGAGGAGATTCGGCAGCTTATTTCTGTGCCAGCTCACCACTAGAGGTTATTGAGCA	CASSPLEVIEQFF	2	2.742355683532154E-4	39	TCRBV18-01	TCRBV18	TCRBV18-01					unresolved	TCRBD01	unresolved			TCRBD01-01,TCRBD01-02		TCRBJ02-01	TCRBJ02	TCRBJ02-01					1	4	5	4	3	9	28	44	47	50	54		In	VDJ												
TACCCTCTCAGACATCTGTGTACTTCTGTGCCAGCAGTGACAGGAAGAGTCCTACGAGCA		4	5.484711367064308E-4	41	TCRBV06-04	TCRBV06	TCRBV06-04					unresolved	TCRBD01	unresolved			TCRBD01-01,TCRBD01-02		TCRBJ02-07	TCRBJ02	TCRBJ02-07					2	4	1	8	1	1	26	41	42	45	49		Out	VDJ												
GCAGGGGGACTCGGCCATGTATCTCTGTGCCAGCAGCTTAGGAGGGAGCTCCTACGAGCA	CASSLGGSSYEQYF	2	2.742355683532154E-4	42	TCRBV07-09	TCRBV07	TCRBV07-09					unresolved	TCRBD01	unresolved			TCRBD01-01,TCRBD01-02		TCRBJ02-07	TCRBJ02	TCRBJ02-07					1	1	0	8	2	0	25	41	43	47	48		In	VDJ												
GCTTGGGGACTCGGCCGTGTATCTCTGTGCCAGCATGGTGGGGTATAGCAATCAGCCCCA	CASMVGYSNQPQHF	5	6.855889208830385E-4	42	TCRBV11-03	TCRBV11	TCRBV11-03					unresolved	TCRBD01	unresolved			TCRBD01-01,TCRBD01-02		TCRBJ01-05	TCRBJ01	TCRBJ01-05					7	2	6	2	4	0	25	35	39	43	45		In	VDJ												
TCCTGAAGACAGCAGCTTCTACATCTGCAGTGCTAGAGCGAGGGGGGTCCAAGGGACCCA	CSARARGVQGTQYF	8	0.0010969422734128616	42	TCRBV20-01	TCRBV20	TCRBV20-01					unresolved	TCRBD01	unresolved			TCRBD01-01,TCRBD01-02		TCRBJ02-05	TCRBJ02	TCRBJ02-05					1	8	5	1	2	7	25	38	40	46	54		In	VDJ												
TGAGGACTCGGCCGTGTATCTCTGTGCCAGCAGCCCTATGTGGTCGGCAGAAGAGACCCA	CASSPMWSAEETQYF	4	5.484711367064308E-4	45	TCRBV11-02	TCRBV11	TCRBV11-02					unresolved	TCRBD01	unresolved			TCRBD01-01,TCRBD01-02		TCRBJ02-05	TCRBJ02	TCRBJ02-05					5	0	4	5	13	3	22	34	47	-1	50		In	VDJ												
TGTGCAAGTCCTCGTGTGTGTACAGGACACAAATAGCACAGTTAGCGTCTGTACTCTGCT		2	2.742355683532154E-4	67	TCRBV19-01	TCRBV19	TCRBV19-01					unresolved	TCRBD01	unresolved			TCRBD01-01,TCRBD01-02		TCRBJ02-02	TCRBJ02	TCRBJ02-02					8	28	1	6	15	13	0	9	24	29	57		Out	VDJ												
GGAGCTGGGGGACTCGGCCCTTTATCTTTGCGCCAGCAGCTTCGGGGCCACCGGGGAGCT	CASSFGATGELFF	15	0.0020567667626491155	39	TCRBV05-01	TCRBV05	TCRBV05-01					unresolved	TCRBD01	unresolved			TCRBD01-01,TCRBD01-02		TCRBJ02-02	TCRBJ02	TCRBJ02-02					2	0	7	0	1	4	28	42	43	-1	48		In	VDJ												
TCCTGAAGACAGCAGCTTCTACATCTGCAGTGCTAGAGAGCAACGGGCTAATTCACCCCT	CSAREQRANSPLHF	14	0.0019196489784725078	42	TCRBV20-01	TCRBV20	TCRBV20-01					unresolved	TCRBD01	unresolved			TCRBD01-01,TCRBD01-02		TCRBJ01-06	TCRBJ01	TCRBJ01-06					0	0	8	0	5	6	25	39	44	-1	48		In	VDJ												
GAACCCGACAGCTTTCTATCTCTGTGCCAGTAGTATCCCTGGGACCCGCACAGATACGCA	CASSIPGTRTDTQYF	2	2.742355683532154E-4	45	TCRBV19-01	TCRBV19	TCRBV19-01					unresolved	TCRBD01	unresolved			TCRBD01-01,TCRBD01-02		TCRBJ02-03	TCRBJ02	TCRBJ02-03					3	2	0	7	4	1	22	36	40	45	47		In	VDJ												
GGCTGCTCCCTCCCAAACATCTGTGTACTTCTGTGCCAGTTCCGAGATGGGAAACACCAT	CASSEMGNTIYF	6	8.227067050596463E-4	36	TCRBV06-02/TCRBV06-03	TCRBV06	TCRBV06-02/TCRBV06-03					unresolved	TCRBD01	unresolved			TCRBD01-01,TCRBD01-02		TCRBJ01-03	TCRBJ01	TCRBJ01-03					9	4	2	8	4	4	31	39	43	45	49		In	VDJ												
AGAACTGGAGGATTCTGGAGTTTATTTCTGTGCCAGCAGCCAAGCATGGTACAATGAGCA	CASSQAWYNEQFF	25	0.003427944604415193	39	TCRBV14-01	TCRBV14	TCRBV14-01					unresolved	TCRBD01	unresolved			TCRBD01-01,TCRBD01-02		TCRBJ02-01	TCRBJ02	TCRBJ02-01					1	0	0	10	3	4	28	44	47	-1	49		In	VDJ												
AGATTCGGCAGCTTATTTCTGTGCCAGCTCGTACACGGGACGGACCCCGAATTCACCCCT	CASSYTGRTPNSPLHF	2	2.742355683532154E-4	48	TCRBV18-01	TCRBV18	TCRBV18-01					unresolved	TCRBD01	unresolved			TCRBD01-01,TCRBD01-02		TCRBJ01-06	TCRBJ01	TCRBJ01-06					6	8	0	7	6	7	19	30	36	41	49		In	VDJ												
GGCCCTGTATCTCTGTGCCAGCAGCTTGGGGGACGCACCTTTGGCAGTGAATTCACCCCT	CASSLGDAPLAVNSPLHF	30	0.004113533525298231	54	unresolved	TCRBV05	unresolved			TCRBV05-04,TCRBV05-05,TCRBV05-08		unresolved	TCRBD01	unresolved			TCRBD01-01,TCRBD01-02		TCRBJ01-06	TCRBJ01	TCRBJ01-06					0	15	0	7	0	7	13	-1	29	34	49		In	VDJ												
GGCTGCTCCCTCCCAGACATCTGTGTACTTCTGTGCCAGCAGCCGGGCCGGCACTGAAGC	CASSRAGTEAFF	11	0.0015082956259426848	36	unresolved	TCRBV06	unresolved			TCRBV06-01,TCRBV06-05,TCRBV06-06		unresolved	TCRBD01	unresolved			TCRBD01-01,TCRBD01-02		TCRBJ01-01	TCRBJ01	TCRBJ01-01					6	3	8	0	2	4	31	42	44	48	51		In	VDJ												
TCCCAGACATCTGTGTACTTCTGTGCCAGCAGTTACGCGGGACCTGGGCGGTCAGCCCCA		9	0.0012340600575894694	46	unresolved	TCRBV06	unresolved			TCRBV06-05,TCRBV06-06		unresolved	TCRBD01	unresolved			TCRBD01-01,TCRBD01-02		TCRBJ01-05	TCRBJ01	TCRBJ01-05					2	8	0	7	2	6	21	36	38	43	51		Out	VDJ												
AGAACTGGAGGATTCTGGAGTTTATTTCTGTGCCAGCAGCCAAACGGGATACCAGACCCA	CASSQTGYQTQYF	35	0.004799122446181269	39	TCRBV14-01	TCRBV14	TCRBV14-01					unresolved	TCRBD01	unresolved			TCRBD01-01,TCRBD01-02		TCRBJ02-05	TCRBJ02	TCRBJ02-05					2	4	0	8	2	6	28	43	45	49	53		In	VDJ												
GCTGGAGGACTCAGCCATGTACTTCTGTGCCAGCACCCCCTTGACCGTTAATTCACCCCT	CASTPLTVNSPLHF	9	0.0012340600575894694	42	TCRBV02-01	TCRBV02	TCRBV02-01					unresolved	TCRBD01	unresolved			TCRBD01-01,TCRBD01-02		TCRBJ01-06	TCRBJ01	TCRBJ01-06					7	3	2	7	7	6	25	35	42	45	48		In	VDJ												
CGCACAGAGCAGGGGGACTCGGCCATGTATCTCTGTGCCAGCATGACGGGAGGGTACGCA		3	4.1135335252982314E-4	34	TCRBV07-09	TCRBV07	TCRBV07-09					unresolved	TCRBD01	unresolved			TCRBD01-01,TCRBD01-02		TCRBJ02-03	TCRBJ02	TCRBJ02-03					7	3	0	8	4	8	33	43	47	51	54		Out	VDJ												
GCGCACACAGCAGGAGGACTCGGCCGTGTATCTCTGTGCCAGCAGCTGGGACAATGAGCA	CASSWDNEQFF	7	9.598244892362539E-4	33	TCRBV07-02	TCRBV07	TCRBV07-02					unresolved	TCRBD01	unresolved			TCRBD01-01,TCRBD01-02		TCRBJ02-01	TCRBJ02	TCRBJ02-01					4	0	0	9	0	5	34	-1	47	-1	50		In	VDJ												
GAGGACTCGGCCGTGTATCTCTGTGCCAGCAGCTCCTATGTGATGCAGACAAGAGACCCA		13	0.0017825311942959	46	unresolved		unresolved		TCRBV07,TCRBV11	TCRBV07-02,TCRBV11-02		unresolved	TCRBD01	unresolved			TCRBD01-01,TCRBD01-02		TCRBJ02-05	TCRBJ02	TCRBJ02-05					4	1	4	5	11	2	21	34	45	48	49		Out	VDJ												
GAACCCGACAGCTTTCTATCTCTGTGCCAGTAGTATAGGAGGGACGTTGAATTCACCCCT	CASSIGGTLNSPLHF	6	8.227067050596463E-4	45	TCRBV19-01	TCRBV19	TCRBV19-01					unresolved	TCRBD01	unresolved			TCRBD01-01,TCRBD01-02		TCRBJ01-06	TCRBJ01	TCRBJ01-06					1	4	0	7	2	7	22	38	40	45	49		In	VDJ												
CCAGACATCTGTGTACTTCTGTGCCATCAGTGGGGGCAATGGGACGGAAAATTCACCCCT	CAISGGNGTENSPLHF	69	0.009461127108185932	48	TCRBV10-03	TCRBV10	TCRBV10-03					unresolved	TCRBD01	unresolved			TCRBD01-01,TCRBD01-02		TCRBJ01-06	TCRBJ01	TCRBJ01-06					4	4	0	7	8	7	19	32	40	45	49		In	VDJ												
GACACGGCACTGTATCTCTGCGCCAGCAGTCAATAAGGCTCGGCACCCGAACACTGAAGC		15	0.0020567667626491155	49	TCRBV23-01	TCRBV23	TCRBV23-01					unresolved	TCRBD01	unresolved			TCRBD01-01,TCRBD01-02		TCRBJ01-01	TCRBJ01	TCRBJ01-01					1	10	5	4	1	1	18	34	35	38	48		Out	VDJ												
TCCCTCCCAGACATCTGTGTACTTCTGTGCCAGCAGTTACCCCCCCGGGGGCGATACGCA	CASSYPPGGDTQYF	18	0.0024681201151789387	42	unresolved	TCRBV06	unresolved			TCRBV06-05,TCRBV06-06		unresolved	TCRBD01	unresolved			TCRBD01-01,TCRBD01-02		TCRBJ02-03	TCRBJ02	TCRBJ02-03					2	0	6	0	6	6	25	40	46	-1	52		In	VDJ												
TCCCTCCCAGACATCTGTGTACTTCTGTGCCAGCAGCGCCGGGCCCTATAATTCACCCCT	CASSAGPYNSPLHF	20	0.002742355683532154	42	unresolved	TCRBV06	unresolved			TCRBV06-01,TCRBV06-05,TCRBV06-06		unresolved	TCRBD01	unresolved			TCRBD01-01,TCRBD01-02		TCRBJ01-06	TCRBJ01	TCRBJ01-06					6	0	8	0	4	2	25	36	40	-1	44		In	VDJ												
GCAGGGGGACTCGGCCATGTATCTCTGTGCCAGCTCCCCCCCGGGCCGGGACTATGGCTA	CASSPPGRDYGYTF	5	6.855889208830385E-4	42	TCRBV07-09	TCRBV07	TCRBV07-09					unresolved	TCRBD01	unresolved			TCRBD01-01,TCRBD01-02		TCRBJ01-02	TCRBJ01	TCRBJ01-02					8	4	8	0	8	3	25	34	42	46	50		In	VDJ												
AAAGAACCCGACAGCTTTCTATCTCTGTGCCAGTGGGTCAGCCCCTGAGAACACTGAAGC	CASGSAPENTEAFF	12	0.0016454134101192926	42	TCRBV19-01	TCRBV19	TCRBV19-01					unresolved	TCRBD01	unresolved			TCRBD01-01,TCRBD01-02		TCRBJ01-01	TCRBJ01	TCRBJ01-01					8	11	0	9	0	1	25	-1	34	37	48		In	VDJ												
GAACCCGACAGCTTTCTATCTCTGTGCCTCCTGGGGTTTTTCGGAGTCGAACTATGGCTA	CASWGFSESNYGYTF	10	0.001371177841766077	45	TCRBV19-01	TCRBV19	TCRBV19-01					unresolved	TCRBD01	unresolved			TCRBD01-01,TCRBD01-02		TCRBJ01-02	TCRBJ01	TCRBJ01-02					11	13	6	2	4	2	22	28	32	36	49		In	VDJ												
GGAGGACTCGGCCGTGTATCTCTGTGCCAGCAGCTCCCCAGGGGGGGCAGCAGATACGCA	CASSSPGGAADTQYF	14	0.0019196489784725078	45	TCRBV07-02	TCRBV07	TCRBV07-02					unresolved	TCRBD01	unresolved			TCRBD01-01,TCRBD01-02		TCRBJ02-03	TCRBJ02	TCRBJ02-03					4	5	4	1	3	4	22	35	38	45	50		In	VDJ												
TCCTGAAGACAGCAGCTTCTACATCTGCAGTGCCAGATGGGGGAGCAGTACAGGTGAGCA	CSARWGSSTGEQFF	66	0.00904977375565611	42	TCRBV20-01	TCRBV20	TCRBV20-01					unresolved	TCRBD01	unresolved			TCRBD01-01,TCRBD01-02		TCRBJ02-01	TCRBJ02	TCRBJ02-01					2	0	3	4	12	9	25	37	49	-1	54		In	VDJ												
TGAGGACTCGGCCGTGTATCTCTGTGCCAGCAGCGCCCACACGGACGGACAAGAGACCCA	CASSAHTDGQETQYF	32	0.0043877690936514465	45	TCRBV11-02	TCRBV11	TCRBV11-02					unresolved	TCRBD01	unresolved			TCRBD01-01,TCRBD01-02		TCRBJ02-05	TCRBJ02	TCRBJ02-05					5	3	1	7	8	2	22	34	42	46	49		In	VDJ												
GGAGCTGGGGGACTCGGCCCTTTATCTTTGCGCCAGCAGCTGGAGGTTCGGTGAAAAACT	CASSWRFGEKLFF	81	0.011106540518305225	39	TCRBV05-01	TCRBV05	TCRBV05-01					unresolved	TCRBD01	unresolved			TCRBD01-01,TCRBD01-02		TCRBJ01-04	TCRBJ01	TCRBJ01-04					3	7	1	8	0	7	28	-1	41	44	51		In	VDJ												
CTCCGCCGTGTATCTCTGTGCCAGCAGCGAATTTCTCGTTGGGGCCGGGGAAGATACGCA	CASSEFLVGAGEDTQYF	43	0.005896064719594131	51	TCRBV07-08	TCRBV07	TCRBV07-08					unresolved	TCRBD01	unresolved			TCRBD01-01,TCRBD01-02		TCRBJ02-03	TCRBJ02	TCRBJ02-03					5	6	7	0	12	5	16	28	40	45	51		In	VDJ												
CTCCCAGACATCTGTGTACTTCTGTGCCAGCAGTGAAGCCCATGGGAGCTCAGATACGCA	CASSEAHGSSDTQYF	35	0.004799122446181269	45	TCRBV06-01	TCRBV06	TCRBV06-01					unresolved	TCRBD01	unresolved			TCRBD01-01,TCRBD01-02		TCRBJ02-03	TCRBJ02	TCRBJ02-03					0	3	0	8	4	4	22	39	43	47	50		In	VDJ												
GGACTCGGCCGTGTATCTCTGTGCCAGCAGCTTTCTAGGCGTGGGGAATAATTCACCCCT	CASSFLGVGNNSPLHF	72	0.009872480460715755	48	unresolved		unresolved		TCRBV07,TCRBV11	TCRBV07-02,TCRBV11-02,TCRBV11-03		unresolved	TCRBD01	unresolved			TCRBD01-01,TCRBD01-02		TCRBJ01-06	TCRBJ01	TCRBJ01-06					3	0	0	8	10	5	19	33	43	-1	47		In	VDJ												
GTCGGCTGCTCCCTCCCAGACATCTGTGTACTTCTGTGCCAGCAGATCCCTTGGGGGCTA	CASRSLGGYTF	65	0.008912655971479501	33	unresolved	TCRBV06	unresolved			TCRBV06-01,TCRBV06-05,TCRBV06-06		unresolved	TCRBD01	unresolved			TCRBD01-01,TCRBD01-02		TCRBJ01-02	TCRBJ01	TCRBJ01-02					6	0	0	9	7	8	34	45	52	-1	55		In	VDJ												
GGCCCAAAAGAACCCGACAGCTTTCTATCTCTGTGCCAGTAGCCTCGGGGGCTACGGCTA	CASSLGGYGYTF	32	0.0043877690936514465	36	TCRBV19-01	TCRBV19	TCRBV19-01					unresolved	TCRBD01	unresolved			TCRBD01-01,TCRBD01-02		TCRBJ01-02	TCRBJ01	TCRBJ01-02					6	3	6	0	4	8	31	42	46	52	55		In	VDJ												
CACAGAGCAGGGGGACTCGGCCATGTATCTCTGTGCCAGCAGCCCCCACCTGGGAGGCTA	CASSPHLGGYTF	20	0.002742355683532154	36	TCRBV07-09	TCRBV07	TCRBV07-09					unresolved	TCRBD01	unresolved			TCRBD01-01,TCRBD01-02		TCRBJ01-02	TCRBJ01	TCRBJ01-02					5	0	0	8	8	8	31	43	51	-1	55		In	VDJ												
GCGCACACAGCAGGAGGACTCCGCCGTGTATCTCTGTGCCAGCAAGTTCGACAATGAGCA	CASKFDNEQFF	159	0.021801727684080625	33	TCRBV07-08	TCRBV07	TCRBV07-08					unresolved	TCRBD01	unresolved			TCRBD01-01,TCRBD01-02		TCRBJ02-01	TCRBJ02	TCRBJ02-01					7	4	5	5	0	5	34	-1	44	46	50		In	VDJ												
CTGGAGGACTCAGCCATGTACTTCTGTGCCAGCATCGGAATTGGGGTGCACAGATACGCA		804	0.11024269847799259	43	TCRBV02-01	TCRBV02	TCRBV02-01					unresolved	TCRBD01	unresolved			TCRBD01-01,TCRBD01-02		TCRBJ02-03	TCRBJ02	TCRBJ02-03					7	1	6	2	8	1	24	34	42	46	47		Out	VDJ												
TGAGGACTCGGCCGTGTATCTCTGTGCCAGCAGCTTCTGGAAGGACTACCAAGAGACCCA	CASSFWKDYQETQYF	314	0.04305498423145482	45	TCRBV11-02	TCRBV11	TCRBV11-02					TCRBD02-01	TCRBD01	TCRBD02-01					TCRBJ02-05	TCRBJ02	TCRBJ02-05					3	0	1	10	6	0	22	36	42	-1	47		In	VDJ												
GACTCGGCCCTTTATCTTTGCGCCAGCAGCACACGACTAGCGGGGACCTTACAATGAGCA		14	0.0019196489784725078	49	TCRBV05-01	TCRBV05	TCRBV05-01					TCRBD02-01	TCRBD01	TCRBD02-01					TCRBJ02-01	TCRBJ02	TCRBJ02-01					4	4	2	3	4	4	18	30	34	45	49		Out	VDJ												
GGAGGACTCCGCCGTGTATCTCTGTGCCAGCAGCTTAGATCGGGTTGGCACCGGGGAGCT	CASSLDRVGTGELFF	5	6.855889208830385E-4	45	TCRBV07-08	TCRBV07	TCRBV07-08					TCRBD02-01	TCRBD01	TCRBD02-01					TCRBJ02-02	TCRBJ02	TCRBJ02-02					1	4	8	4	2	4	22	38	40	44	48		In	VDJ												
GAACCCGACAGCTTTCTATCTCTGTGCCAGTACGAGATTAGCGGGATTCCAAGAGACCCA	CASTRLAGFQETQYF	2	2.742355683532154E-4	45	TCRBV19-01	TCRBV19	TCRBV19-01					TCRBD02-01	TCRBD01	TCRBD02-01					TCRBJ02-05	TCRBJ02	TCRBJ02-05					7	3	5	4	6	1	22	32	38	45	48		In	VDJ												
GTTGCTGGGGGACTCGGCCCTCTATCTCTGTGCCAGCAGCTTGGGGCCGCGACTTGAAGC	CASSLGPRLEAFF	292	0.04003839297956945	39	TCRBV05-06	TCRBV05	TCRBV05-06					TCRBD02-01	TCRBD01	TCRBD02-01					TCRBJ01-01	TCRBJ01	TCRBJ01-01					0	0	2	10	6	7	28	44	50	-1	54		In	VDJ												
GGGGGACTCGGCCATGTATCTCTGTGCCAGCAGCCCCCAGACTAGACTGGAAGAGACCCA	CASSPQTRLEETQYF	17	0.002331002331002331	45	TCRBV07-09	TCRBV07	TCRBV07-09					TCRBD02-01	TCRBD01	TCRBD02-01					TCRBJ02-05	TCRBJ02	TCRBJ02-05					5	5	2	8	5	3	22	34	39	45	50		In	VDJ												
TGTGCCTAGAATATTCACTAGACTGGTTTAAAGACATTTTCCAGGAACTTTCTTTCCACT		8	0.0010969422734128616	67	TCRBV30-01	TCRBV30	TCRBV30-01					TCRBD02-01	TCRBD01	TCRBD02-01					TCRBJ01-04	TCRBJ01	TCRBJ01-04					7	36	3	8	9	13	0	7	16	21	57		Out	VDJ												
GCAGGGGGACTCGGCCATGTATCTCTGTGCCAGCAGCGATCGACTAGCGGCCGGGGAGCT	CASSDRLAAGELFF	2	2.742355683532154E-4	42	TCRBV07-09	TCRBV07	TCRBV07-09					TCRBD02-01	TCRBD01	TCRBD02-01					TCRBJ02-02	TCRBJ02	TCRBJ02-02					5	0	2	5	4	6	25	37	41	-1	50		In	VDJ												
AGATTCGGCAGCTTATTTCTGTGCCAGCGTCGCACGCGGACTAGCGGGAGCCGGGGAGCT	CASVARGLAGAGELFF	2	2.742355683532154E-4	48	TCRBV18-01	TCRBV18	TCRBV18-01					TCRBD02-01	TCRBD01	TCRBD02-01					TCRBJ02-02	TCRBJ02	TCRBJ02-02					8	2	1	4	9	6	19	28	37	48	50		In	VDJ												
CAGTGCCCATCCTGAAGACAGCAGCTTCTACATCTGCAGTGCCACCGGGGGGACGGAGGC	CSATGGTEAFF	9	0.0012340600575894694	33	TCRBV20-01	TCRBV20	TCRBV20-01					TCRBD02-01	TCRBD01	TCRBD02-01					TCRBJ01-01	TCRBJ01	TCRBJ01-01					6	6	8	1	3	11	34	42	45	52	58		In	VDJ												
CCAAAAGAACCCGACAGCTTTCTATCTCTGTGCCAGTAGTATAGCGGGGTCCAATGAGTA	CASSIAGSNEYTF	2	2.742355683532154E-4	39	TCRBV19-01	TCRBV19	TCRBV19-01					TCRBD02-01	TCRBD01	TCRBD02-01					TCRBJ01-02	TCRBJ01	TCRBJ01-02					1	9	8	3	0	11	28	-1	44	49	58		In	VDJ												
CCAGACATCTGTGTATTTCTGCGCCAGCAGACCCTGGACTAGCGGGGGGCCAGATACGCA	CASRPWTSGGPDTQYF	2	2.742355683532154E-4	48	TCRBV10-02	TCRBV10	TCRBV10-02					TCRBD02-01	TCRBD01	TCRBD02-01					TCRBJ02-03	TCRBJ02	TCRBJ02-03					6	1	1	1	5	4	19	30	35	49	50		In	VDJ												
GAACCCGACAGCTTTCTATCTCTGTGCCCGTAGTCCCCGGGGGAACCCCCCCTACGAGCA	CARSPRGNPPYEQYF	2	2.742355683532154E-4	45	TCRBV19-01	TCRBV19	TCRBV19-01					TCRBD02-01	TCRBD01	TCRBD02-01					TCRBJ02-07	TCRBJ02	TCRBJ02-07					5	7	8	2	3	2	22	34	37	43	50		In	VDJ												
CTCCCAGACATCTGTGTACTTCTGTGCCAGCAGTTACTCGCCGGGTAGCAATCAGCCCCA	CASSYSPGSNQPQHF	2	2.742355683532154E-4	45	unresolved	TCRBV06	unresolved			TCRBV06-05,TCRBV06-06		TCRBD02-01	TCRBD01	TCRBD02-01					TCRBJ01-05	TCRBJ01	TCRBJ01-05					0	0	8	4	2	0	22	39	41	-1	45		In	VDJ												
GCAGGGGGACTCGGCCATGTATCTCTGTGCCAGCAGCTTAATCCGAAGCGGGGAGACCCA	CASSLIRSGETQYF	2	2.742355683532154E-4	42	TCRBV07-09	TCRBV07	TCRBV07-09					TCRBD02-01	TCRBD01	TCRBD02-01					TCRBJ02-05	TCRBJ02	TCRBJ02-05					2	0	6	4	6	5	25	40	46	-1	52		In	VDJ												
CAGCTCCCAGACATCTGTGTACTTCTGTGCCATCGGGGGGAAATCGAACACCGGGGAGCT	CAIGGKSNTGELFF	19	0.0026052378993555465	42	TCRBV10-03	TCRBV10	TCRBV10-03					TCRBD02-01	TCRBD01	TCRBD02-01					TCRBJ02-02	TCRBJ02	TCRBJ02-02					8	4	9	1	0	0	25	-1	34	40	44		In	VDJ												
TGTCCCAGCTTCAAATCCCTTGTTACAGCTAGTAAACTAAGAGTGCTCTTTAGCGATCAT		2	2.742355683532154E-4	67	TCRBV18-01	TCRBV18	TCRBV18-01					TCRBD02-01	TCRBD01	TCRBD02-01					TCRBJ01-03	TCRBJ01	TCRBJ01-03					7	2	5	6	40	12	0	10	50	55	57		Out	VDJ												
AGAACCCAGGGACTCAGCTGTGTACTTCTGTGCCAGCAGTTTGGCTAGCGGGGGTTTGCA	CASSLASGGLQFF	26	0.0035650623885918	39	TCRBV12-03/TCRBV12-04	TCRBV12	TCRBV12-03/TCRBV12-04					TCRBD02-01	TCRBD01	TCRBD02-01					unresolved	TCRBJ02	unresolved			TCRBJ02-01,TCRBJ02-03,TCRBJ02-07		3	3	4	2	2	12	28	42	44	54	57		In	VDJ												
CGACTCGGCCCTGTATCTCTGTGCCAGCAGCTTACTTGTGGGGGGAAGCACAGATACGCA	CASSLLVGGSTDTQYF	17	0.002331002331002331	48	TCRBV05-04	TCRBV05	TCRBV05-04					TCRBD02-01	TCRBD01	TCRBD02-01					TCRBJ02-03	TCRBJ02	TCRBJ02-03					2	1	9	1	6	0	19	33	39	45	46		In	VDJ												
GCCCATCCTGAAGACAGCAGCTTCTACATCTGCAGTGCTAGTGTCCGGGTACAATGAGCA		9	0.0012340600575894694	37	TCRBV20-01	TCRBV20	TCRBV20-01					TCRBD02-01	TCRBD01	TCRBD02-01					TCRBJ02-01	TCRBJ02	TCRBJ02-01					3	0	8	4	4	4	30	41	45	-1	49		Out	VDJ												
AGACATCTATGTACCTCTGTGCCAGCAGTTTATGTTCCAGCGGGGGGGACACAATGAGCA		27	0.003702180172768408	50	TCRBV28-01	TCRBV28	TCRBV28-01					TCRBD02-01	TCRBD01	TCRBD02-01					TCRBJ02-01	TCRBJ02	TCRBJ02-01					0	2	6	0	4	5	17	34	38	48	50		Out	VDJ												
AGATTCGGCAGCTTATTTCTGTGCCAGCTCACCGCCGACTAGCGGGGCTGCCTACGAGCA	CASSPPTSGAAYEQYF	2	2.742355683532154E-4	48	TCRBV18-01	TCRBV18	TCRBV18-01					TCRBD02-01	TCRBD01	TCRBD02-01					TCRBJ02-07	TCRBJ02	TCRBJ02-07					3	3	2	3	3	2	19	33	36	47	50		In	VDJ												
CCCGACAGCTTTCTATCTCTGTGCCAGTAGTATCGGACTGGGGGGTTTGCAAGAGACCCA	CASSIGLGGLQETQYF	2	2.742355683532154E-4	48	TCRBV19-01	TCRBV19	TCRBV19-01					TCRBD02-01	TCRBD01	TCRBD02-01					TCRBJ02-05	TCRBJ02	TCRBJ02-05					3	4	9	1	6	2	19	33	39	45	49		In	VDJ												
GGCCCTTTATCTTTGCGCCAGCAGCTTCCTGGGACTAGCGGGGGGCCGGCAAGAGACCCA	CASSFLGLAGGRQETQYF	6	8.227067050596463E-4	54	TCRBV05-01	TCRBV05	TCRBV05-01					TCRBD02-01	TCRBD01	TCRBD02-01					TCRBJ02-05	TCRBJ02	TCRBJ02-05					2	4	0	1	3	2	13	27	30	45	49		In	VDJ												
GCTGGAGGACTCGGCCCTGTATCTCTGTGCCAGCAGTCGCGGGGGGCTGAATTCACCCCT	CASSRGGLNSPLHF	14	0.0019196489784725078	42	TCRBV05-08	TCRBV05	TCRBV05-08					TCRBD02-01	TCRBD01	TCRBD02-01					TCRBJ01-06	TCRBJ01	TCRBJ01-06					5	3	7	1	2	7	25	36	38	46	49		In	VDJ												
CCCTGAAGACAGCAGCATATATCTCTGCAGCGGGGGACCGCTGGGGGGGGCGGATGGCTA	CSGGPLGGADGYTF	18	0.0024681201151789387	42	TCRBV29-01	TCRBV29	TCRBV29-01					TCRBD02-01	TCRBD01	TCRBD02-01					TCRBJ01-02	TCRBJ01	TCRBJ01-02					7	4	9	0	10	6	25	32	42	49	53		In	VDJ												
TCAGACATCTGTGTACTTCTGTGCCAGCAGTGACTCGGCGGGGGGGAGCACAGATACGCA	CASSDSAGGSTDTQYF	11	0.0015082956259426848	48	TCRBV06-04	TCRBV06	TCRBV06-04					TCRBD02-01	TCRBD01	TCRBD02-01					TCRBJ02-03	TCRBJ02	TCRBJ02-03					0	0	7	0	1	0	19	36	37	-1	46		In	VDJ												
GGGGGACTCGGCCATGTATCTCTGTGCCAGCAGCCCCCGACTAGCGGGAGGTTACGAGCA	CASSPRLAGGYEQYF	2	2.742355683532154E-4	45	TCRBV07-09	TCRBV07	TCRBV07-09					TCRBD02-01	TCRBD01	TCRBD02-01					TCRBJ02-07	TCRBJ02	TCRBJ02-07					5	4	2	4	4	4	22	34	38	48	52		In	VDJ												
CCCTGAAGACAGCAGCATATATCTCTGCAGCGTCGGCGCGGGGGAGGATGGTTCACCCCT	CSVGAGEDGSPLHF	19	0.0026052378993555465	42	TCRBV29-01	TCRBV29	TCRBV29-01					TCRBD02-01	TCRBD01	TCRBD02-01					TCRBJ01-06	TCRBJ01	TCRBJ01-06					6	7	7	2	4	9	25	33	37	44	51		In	VDJ												
TCTCAGACATCTGTGTACTTCTGTGCCAGCAGTGACCGTCCCTGCAACTAATGAAAAACT		16	0.0021938845468257233	46	TCRBV06-04	TCRBV06	TCRBV06-04					TCRBD02-01	TCRBD01	TCRBD02-01					TCRBJ01-04	TCRBJ01	TCRBJ01-04					2	1	4	10	5	0	21	36	41	43	44		Out	VDJ												
CTCAGAACCCAGGGACTCAGCTGTGTACTTCTGTGCCAGCAGCACCGGGACAGATACGCA	CASSTGTDTQYF	67	0.009186891539832716	36	TCRBV12-03/TCRBV12-04	TCRBV12	TCRBV12-03/TCRBV12-04					TCRBD02-01	TCRBD01	TCRBD02-01					TCRBJ02-03	TCRBJ02	TCRBJ02-03					6	0	8	4	3	3	31	42	45	-1	49		In	VDJ												
TGCAGTAGAATTCAAAATATGATTTCAGACTAGGAATGATAGCTCATGCCTGTAATCCCA		21	0.002879473467708762	67	TCRBV20-01	TCRBV20	TCRBV20-01					TCRBD02-01	TCRBD01	TCRBD02-01					unresolved		unresolved		TCRBJ01,TCRBJ02	TCRBJ01-05,TCRBJ02-05		8	23	2	8	21	11	0	6	27	33	56		Out	VDJ												
CTTCTACATCTGCAGTGCTAGAGGGCTTCGGGGGGAAGGGCGCTCCTATAATTCACCCCT	CSARGLRGEGRSYNSPLHF	25	0.003427944604415193	57	TCRBV20-01	TCRBV20	TCRBV20-01					TCRBD02-01	TCRBD01	TCRBD02-01					TCRBJ01-06	TCRBJ01	TCRBJ01-06					1	7	8	1	5	0	10	23	28	35	42		In	VDJ												
TCCCTCCCAGACATCTGTGTACTTCTGTGCCAGCAGCGCTATGAGCGGGGGAAATGAGCA	CASSAMSGGNEQFF	6	8.227067050596463E-4	42	unresolved	TCRBV06	unresolved			TCRBV06-01,TCRBV06-05,TCRBV06-06		TCRBD02-01	TCRBD01	TCRBD02-01					TCRBJ02-01	TCRBJ02	TCRBJ02-01					6	1	6	2	7	7	25	36	43	51	52		In	VDJ												
CTCCCAGACATCTGTGTACTTCTGTGCCAGCAGTGAACTAGCGGGGGGGTACAATGAGCA	CASSELAGGYNEQFF	7	9.598244892362539E-4	45	TCRBV06-01	TCRBV06	TCRBV06-01					TCRBD02-01	TCRBD01	TCRBD02-01					TCRBJ02-01	TCRBJ02	TCRBJ02-01					2	0	4	0	0	4	22	-1	37	-1	49		In	VDJ												
CTCAGCCCTGTACTTCTGTGCCAGCAGCAATAGCCGACATGGCGGGGGTTACAATGAGCA	CASSNSRHGGGYNEQFF	18	0.0024681201151789387	51	TCRBV13-01	TCRBV13	TCRBV13-01					TCRBD02-01	TCRBD01	TCRBD02-01					TCRBJ02-01	TCRBJ02	TCRBJ02-01					5	1	7	2	13	4	16	28	41	48	49		In	VDJ												
GCTGGGGGACTCGGCCCTTTATCTTTGCGCCAGCAGCTTGGATCAAGCGGACAATGAGCA	CASSLDQADNEQFF	32	0.0043877690936514465	42	TCRBV05-01	TCRBV05	TCRBV05-01					TCRBD02-01	TCRBD01	TCRBD02-01					TCRBJ02-01	TCRBJ02	TCRBJ02-01					0	0	6	5	4	5	25	41	45	-1	50		In	VDJ												
TCCCTCCCAGACATCTGTGTACTTCTGTGCCAGCAGTTATGAGGTGGGGGGCGGGGAGCT	CASSYEVGGGELFF	23	0.0031537090360619774	42	unresolved	TCRBV06	unresolved			TCRBV06-05,TCRBV06-06		TCRBD02-01	TCRBD01	TCRBD02-01					TCRBJ02-02	TCRBJ02	TCRBJ02-02					3	0	9	1	6	7	25	39	45	-1	51		In	VDJ												
CTCAGAACCCAGGGACTCAGCTGTGTACTTCTGTGCCAGCAGTTTCGGCACAGATACGCA	CASSFGTDTQYF	180	0.024681201151789386	36	TCRBV12-03/TCRBV12-04	TCRBV12	TCRBV12-03/TCRBV12-04					TCRBD02-01	TCRBD01	TCRBD02-01					TCRBJ02-03	TCRBJ02	TCRBJ02-03					3	0	8	6	0	1	31	-1	45	-1	47		In	VDJ												
CTATCTCTGTGCCAGCAGCTCCCTCTTGGGGCGGGGTAAGAGCTCCTATAATTCACCCCT	CASSSLLGRGKSSYNSPLHF	24	0.003290826820238585	60	unresolved		unresolved		TCRBV05,TCRBV07	TCRBV05-06,TCRBV05-07,TCRBV07-01		TCRBD02-01	TCRBD01	TCRBD02-01					TCRBJ01-06	TCRBJ01	TCRBJ01-06					3	6	7	3	10	0	7	20	30	36	42		In	VDJ												
TGAAGACAGCAGCTTCTACATCTGCAGTGCTAGGACTAGCGGGGGGGACTACAATGAGCA	CSARTSGGDYNEQFF	56	0.007678595913890031	45	TCRBV20-01	TCRBV20	TCRBV20-01					TCRBD02-01	TCRBD01	TCRBD02-01					TCRBJ02-01	TCRBJ02	TCRBJ02-01					3	1	2	0	0	3	22	-1	33	47	48		In	VDJ												
TCCCAAACATCTGTGTACTTCTGTGCCAGCACCGACTTTTACCCCCGAATACTATGGCTA		24	0.003290826820238585	46	TCRBV06-02/TCRBV06-03	TCRBV06	TCRBV06-02/TCRBV06-03					TCRBD02-01	TCRBD01	TCRBD02-01					TCRBJ01-02	TCRBJ01	TCRBJ01-02					7	13	2	10	2	3	21	31	33	37	50		Out	VDJ												
AGCTTTCTATCTCTGTGCCAGTAGTCCCTTATCCCCCGGGACTAGCGGGGGAGATACGCA	CASSPLSPGTSGGDTQYF	10	0.001371177841766077	54	TCRBV19-01	TCRBV19	TCRBV19-01					TCRBD02-01	TCRBD01	TCRBD02-01					TCRBJ02-03	TCRBJ02	TCRBJ02-03					5	0	0	2	12	5	13	25	37	-1	51		In	VDJ												
GAACCCGACAGCTTTCTATCTCTGTGCCAGTAGTCTCGGACTAGCAGGCACAGATACGCA	CASSLGLAGTDTQYF	10	0.001371177841766077	45	TCRBV19-01	TCRBV19	TCRBV19-01					TCRBD02-01	TCRBD01	TCRBD02-01					TCRBJ02-03	TCRBJ02	TCRBJ02-03					5	2	1	7	3	1	22	34	37	45	47		In	VDJ												
GGGGGACTCGGCCCTTTATCTTTGCGCCAGCAGCCAGCAGGGCACCGCGGGGGATACGCA	CASSQQGTAGDTQYF	62	0.008501302618949678	45	TCRBV05-01	TCRBV05	TCRBV05-01					TCRBD02-01	TCRBD01	TCRBD02-01					TCRBJ02-03	TCRBJ02	TCRBJ02-03					4	0	7	3	12	6	22	34	46	-1	52		In	VDJ												
AAAGAACCCGACAGCTTTCTATCTCTGTGCCCTTAAGTCGGGCGGGGACACCGGGGAGCT	CALKSGGDTGELFF	13	0.0017825311942959	42	TCRBV19-01	TCRBV19	TCRBV19-01					TCRBD02-01	TCRBD01	TCRBD02-01					TCRBJ02-02	TCRBJ02	TCRBJ02-02					11	0	7	3	10	3	25	31	41	-1	47		In	VDJ												
GGCCCTTTATCTTTGCGCCAGCAGCTTGACCCTAGCGGGGGGGCCGGACACCGGGGAGCT	CASSLTLAGGPDTGELFF	104	0.0142602495543672	54	TCRBV05-01	TCRBV05	TCRBV05-01					TCRBD02-01	TCRBD01	TCRBD02-01					TCRBJ02-02	TCRBJ02	TCRBJ02-02					1	4	4	0	3	3	13	28	31	43	47		In	VDJ												
ACTCGGCCCTCTATCTCTGTGCCAGCAGCTTGTTTGGACTGAACTAGGCACAGATACGCA		69	0.009461127108185932	50	unresolved	TCRBV05	unresolved			TCRBV05-06,TCRBV05-07		TCRBD02-01	TCRBD01	TCRBD02-01					TCRBJ02-03	TCRBJ02	TCRBJ02-03					1	7	1	10	3	1	17	32	35	40	47		Out	VDJ												
AAAGAACCCGACAGCTTTCTATCTCTGTGCCAGTAGTATACAAACCGCGGGGGAGACCCA	CASSIQTAGETQYF	13	0.0017825311942959	42	TCRBV19-01	TCRBV19	TCRBV19-01					TCRBD02-01	TCRBD01	TCRBD02-01					TCRBJ02-05	TCRBJ02	TCRBJ02-05					2	0	7	3	6	5	25	40	46	-1	52		In	VDJ												
CTCCCAGACATCTGTGTACTTCTGTGCCAGCACTTTAGCCCAAGCGGGCCCAGATACGCA	CASTLAQAGPDTQYF	44	0.006033182503770739	45	unresolved	TCRBV06	unresolved			TCRBV06-01,TCRBV06-05,TCRBV06-06		TCRBD02-01	TCRBD01	TCRBD02-01					TCRBJ02-03	TCRBJ02	TCRBJ02-03					7	2	6	4	10	4	22	32	42	48	50		In	VDJ												
CCAGACATCTGTGTACTTCTGTGCCAGCAGTGCCACGGGACTCATGAACACCGGGGAGCT	CASSATGLMNTGELFF	105	0.014397367338543809	48	TCRBV06-01	TCRBV06	TCRBV06-01					TCRBD02-01	TCRBD01	TCRBD02-01					TCRBJ02-02	TCRBJ02	TCRBJ02-02					4	3	0	10	4	1	19	32	36	42	45		In	VDJ												
CATGTATCTCTGTGCCAGCAGCTCCCCTCATGCGGGGGCCTTCGCGAACACCGGGGAGCT	CASSSPHAGAFANTGELFF	36	0.0049362402303578775	57	unresolved		unresolved		TCRBV07,TCRBV11	TCRBV07-09,TCRBV11-01		TCRBD02-01	TCRBD01	TCRBD02-01					TCRBJ02-02	TCRBJ02	TCRBJ02-02					4	6	7	2	8	0	10	23	31	38	44		In	VDJ												
CCAGACATCTGTGTACTTCTGTGCCAGCAGTTACTCGACGGGACTCTCCTACAATGAGCA	CASSYSTGLSYNEQFF	90	0.012340600575894693	48	unresolved	TCRBV06	unresolved			TCRBV06-05,TCRBV06-06		TCRBD02-01	TCRBD01	TCRBD02-01					TCRBJ02-01	TCRBJ02	TCRBJ02-01					0	0	0	10	3	0	19	36	39	-1	45		In	VDJ												
TGCTCCCTCCCAGACATCTGTGTACTTCTGTGCCAGCAGGCCTACGAGCACAGATACGCA	CASRPTSTDTQYF	176	0.024132730015082957	39	unresolved	TCRBV06	unresolved			TCRBV06-01,TCRBV06-05,TCRBV06-06		TCRBD02-01	TCRBD01	TCRBD02-01					TCRBJ02-03	TCRBJ02	TCRBJ02-03					6	2	4	9	2	0	28	39	41	44	46		In	VDJ												
GGCCCAAAAGAACCCGACAGCTTTCTATCTCTGTGCCAGTAGTATTAACACAGATACGCA	CASSINTDTQYF	102	0.013986013986013986	36	TCRBV19-01	TCRBV19	TCRBV19-01					TCRBD02-01	TCRBD01	TCRBD02-01					TCRBJ02-03	TCRBJ02	TCRBJ02-03					3	1	5	9	0	2	31	-1	45	47	48		In	VDJ												
